[{"model": "contenttypes.contenttype", "pk": 1, "fields": {"app_label": "admin", "model": "logentry"}}, {"model": "contenttypes.contenttype", "pk": 2, "fields": {"app_label": "auth", "model": "group"}}, {"model": "contenttypes.contenttype", "pk": 3, "fields": {"app_label": "auth", "model": "permission"}}, {"model": "contenttypes.contenttype", "pk": 4, "fields": {"app_label": "auth", "model": "user"}}, {"model": "contenttypes.contenttype", "pk": 5, "fields": {"app_label": "contenttypes", "model": "contenttype"}}, {"model": "contenttypes.contenttype", "pk": 6, "fields": {"app_label": "sessions", "model": "session"}}, {"model": "contenttypes.contenttype", "pk": 7, "fields": {"app_label": "core", "model": "auteur"}}, {"model": "contenttypes.contenttype", "pk": 8, "fields": {"app_label": "core", "model": "editeur"}}, {"model": "contenttypes.contenttype", "pk": 9, "fields": {"app_label": "core", "model": "profil"}}, {"model": "contenttypes.contenttype", "pk": 10, "fields": {"app_label": "core", "model": "livre"}}, {"model": "contenttypes.contenttype", "pk": 11, "fields": {"app_label": "Gestion", "model": "livre"}}, {"model": "contenttypes.contenttype", "pk": 12, "fields": {"app_label": "Gestion", "model": "auteur"}}, {"model": "contenttypes.contenttype", "pk": 13, "fields": {"app_label": "Gestion", "model": "editeur"}}, {"model": "contenttypes.contenttype", "pk": 14, "fields": {"app_label": "Gestion", "model": "profil"}}, {"model": "sessions.session", "pk": "20b95ouzzeft0nnrtie03bu2f7tml27o", "fields": {"session_data": "MjZhMjA3NzJmZjZkMmU1NTMxMWQ1MjBjYWRlNTQ4NWY0YjlmOGRkOTp7Il9hdXRoX3VzZXJfaWQiOiIxIiwiX2F1dGhfdXNlcl9iYWNrZW5kIjoiZGphbmdvLmNvbnRyaWIuYXV0aC5iYWNrZW5kcy5Nb2RlbEJhY2tlbmQiLCJfYXV0aF91c2VyX2hhc2giOiIyZDYxMGNiMDY5OWU2ZjA2NzJiMzUxZTdhOGY1NThkZDE5MGI2ZmRlIn0=", "expire_date": "2017-05-25T09:00:03.523Z"}}, {"model": "sessions.session", "pk": "6uj41w0locfom7k998kw04sb61g63l2q", "fields": {"session_data": "M2FhMWFlNTg3MDJlNzJjM2Q2NGFiZTllZDY3Y2MzOWI1MGJkNDk3NDp7Il9hdXRoX3VzZXJfaGFzaCI6IjJkNjEwY2IwNjk5ZTZmMDY3MmIzNTFlN2E4ZjU1OGRkMTkwYjZmZGUiLCJfYXV0aF91c2VyX2JhY2tlbmQiOiJkamFuZ28uY29udHJpYi5hdXRoLmJhY2tlbmRzLk1vZGVsQmFja2VuZCIsIl9hdXRoX3VzZXJfaWQiOiIxIn0=", "expire_date": "2017-05-26T15:24:37.793Z"}}, {"model": "sessions.session", "pk": "91nt3ryo0ck7vw421r1erem0e3b5m778", "fields": {"session_data": "NzVmNTI0NzI2MWYyOTU3MjYzYTkwOWE4ZGMzNDM2MmY0Y2Q5ZDhkZTp7Il9hdXRoX3VzZXJfYmFja2VuZCI6ImRqYW5nby5jb250cmliLmF1dGguYmFja2VuZHMuTW9kZWxCYWNrZW5kIiwiX2F1dGhfdXNlcl9pZCI6IjIiLCJfYXV0aF91c2VyX2hhc2giOiJjYmI2MzMzZjYxNWYyZWI1ZGUyZGY5YTE1N2Y5M2RiOTNjZjkwODU0In0=", "expire_date": "2017-06-06T18:09:29.494Z"}}, {"model": "sessions.session", "pk": "g0q3dtgpp74genll0qo0t2xq8e97oewd", "fields": {"session_data": "M2FhMWFlNTg3MDJlNzJjM2Q2NGFiZTllZDY3Y2MzOWI1MGJkNDk3NDp7Il9hdXRoX3VzZXJfaGFzaCI6IjJkNjEwY2IwNjk5ZTZmMDY3MmIzNTFlN2E4ZjU1OGRkMTkwYjZmZGUiLCJfYXV0aF91c2VyX2JhY2tlbmQiOiJkamFuZ28uY29udHJpYi5hdXRoLmJhY2tlbmRzLk1vZGVsQmFja2VuZCIsIl9hdXRoX3VzZXJfaWQiOiIxIn0=", "expire_date": "2017-05-26T13:10:13.873Z"}}, {"model": "sessions.session", "pk": "jfk1v9t0g4u2fjqmaldoul2ppit6119y", "fields": {"session_data": "OWZmNmE3MDNiZmI3NTZkOTRkZGRiYWM5YWMxYmIzMzNkNzA5YmQ5OTp7Il9hdXRoX3VzZXJfaWQiOiIyIiwiX2F1dGhfdXNlcl9oYXNoIjoiY2JiNjMzM2Y2MTVmMmViNWRlMmRmOWExNTdmOTNkYjkzY2Y5MDg1NCIsIl9hdXRoX3VzZXJfYmFja2VuZCI6ImRqYW5nby5jb250cmliLmF1dGguYmFja2VuZHMuTW9kZWxCYWNrZW5kIn0=", "expire_date": "2017-06-03T13:54:57.253Z"}}, {"model": "sessions.session", "pk": "oqicg2ysozeudjeiqv9bk3gcvuwv2f8o", "fields": {"session_data": "M2FhMWFlNTg3MDJlNzJjM2Q2NGFiZTllZDY3Y2MzOWI1MGJkNDk3NDp7Il9hdXRoX3VzZXJfaGFzaCI6IjJkNjEwY2IwNjk5ZTZmMDY3MmIzNTFlN2E4ZjU1OGRkMTkwYjZmZGUiLCJfYXV0aF91c2VyX2JhY2tlbmQiOiJkamFuZ28uY29udHJpYi5hdXRoLmJhY2tlbmRzLk1vZGVsQmFja2VuZCIsIl9hdXRoX3VzZXJfaWQiOiIxIn0=", "expire_date": "2017-05-26T13:18:02.471Z"}}, {"model": "sessions.session", "pk": "ptfevjchjk7i1ce3xdf9kb29wu6z4tv3", "fields": {"session_data": "M2FhMWFlNTg3MDJlNzJjM2Q2NGFiZTllZDY3Y2MzOWI1MGJkNDk3NDp7Il9hdXRoX3VzZXJfaGFzaCI6IjJkNjEwY2IwNjk5ZTZmMDY3MmIzNTFlN2E4ZjU1OGRkMTkwYjZmZGUiLCJfYXV0aF91c2VyX2JhY2tlbmQiOiJkamFuZ28uY29udHJpYi5hdXRoLmJhY2tlbmRzLk1vZGVsQmFja2VuZCIsIl9hdXRoX3VzZXJfaWQiOiIxIn0=", "expire_date": "2017-05-26T15:33:06.417Z"}}, {"model": "sessions.session", "pk": "tftgsx798djsxiel4al1pbov7pjpdvrw", "fields": {"session_data": "M2FhMWFlNTg3MDJlNzJjM2Q2NGFiZTllZDY3Y2MzOWI1MGJkNDk3NDp7Il9hdXRoX3VzZXJfaGFzaCI6IjJkNjEwY2IwNjk5ZTZmMDY3MmIzNTFlN2E4ZjU1OGRkMTkwYjZmZGUiLCJfYXV0aF91c2VyX2JhY2tlbmQiOiJkamFuZ28uY29udHJpYi5hdXRoLmJhY2tlbmRzLk1vZGVsQmFja2VuZCIsIl9hdXRoX3VzZXJfaWQiOiIxIn0=", "expire_date": "2017-06-10T09:43:10.922Z"}}, {"model": "core.livre", "pk": 4, "fields": {"typeLivre": "LVR", "titre": "World of Warcraft : L'Aube des Aspects", "auteur1": 1, "auteur2": null, "auteur3": null, "editeur": 1, "date": 2014, "numero": null, "resume": "Kalecgos, le plus jeune des anciens Aspects, a \u00e9t\u00e9 durement touch\u00e9 par la chute d\u2019Aile de Mort. Sans ses pouvoirs, comment pourrait-il encore faire la diff\u00e9rence ? La r\u00e9ponse se cache dans un lointain pass\u00e9, quand les proto-dragons r\u00e9gnaient sur les cieux. Gr\u00e2ce \u00e0 un myst\u00e9rieux artefact retrouv\u00e9 au c\u0153ur de Norfendre, Kalecgos d\u00e9couvre cette \u00e9poque de violence et l\u2019histoire troublante des premiers Aspects. En ce temps-l\u00e0, ceux-ci durent s\u2019unir pour lutter contre Galakrond, une cr\u00e9ature sanguinaire qui mena\u00e7ait leur existence. Mais ces proto-dragons ont-ils fait face \u00e0 leur terrible adversaire seuls ou ont-ils b\u00e9n\u00e9fici\u00e9 de l\u2019aide d\u2019une puissance ext\u00e9rieure ? La force qui les rendrait plus tard l\u00e9gendaires leur a-t-elle \u00e9t\u00e9 offerte ? Ou a-t-elle \u00e9t\u00e9 conquise dans le sang ? Les d\u00e9couvertes de Kalecgos vont changer tout ce qu\u2019il croyait savoir sur l\u2019origine de\u2026 l\u2019aube des Aspects.", "commentaire": null, "proprietaire": 1, "pretea": null, "image": "FRWOW027_0_rwPpYCr.jpg"}}, {"model": "core.livre", "pk": 5, "fields": {"typeLivre": "LVR", "titre": "World of Warcraft : L'Ascension de la horde", "auteur1": 3, "auteur2": null, "auteur3": null, "editeur": 1, "date": 2014, "numero": null, "resume": "Comment les orcs se sont unis pour devenir les tueurs les plus craints de l'univers de Warcraft. L'histoire de Warcraft est faite de contes h\u00e9ro\u00efques, de batailles f\u00e9roces et de trag\u00e9dies qui laissent une empreinte profonde dans le monde d'Azeroth. Il y a bien longtemps, dans les collines de Draenor, les nobles clans orcs vivaient en paix avec leurs myst\u00e9rieux voisins, les draena\u00ef. Mais les inf\u00e2mes agents de la L\u00e9gion ardente r\u00e9serv\u00e8rent un bien triste sort aux deux races. Le seigneur d\u00e9moniaque Kil'Jaeden orchestra les \u00e9v\u00e9nements qui an\u00e9antirent les draena\u00ef et forc\u00e8rent les orcs \u00e0 s'unir en une seule nation pour devenir un fl\u00e9au de haine et de destruction, une horde assoiff\u00e9e de sang. Dans L'Ascension de la Horde, le jeune chef de guerre Thrall raconte l'histoire de ses anc\u00eatres, la mal\u00e9diction d\u00e9moniaque qui pesa sur son peuple pendant des g\u00e9n\u00e9rations, et les effroyables jours qui chang\u00e8rent les orcs \u00e0 jamais. Et qui fa\u00e7onnent encore aujourd'hui le destin de tous ceux qui vivent en Azeroth et en Outreterre, le royaume disloqu\u00e9 qu'on appelait autrefois Draenor !", "commentaire": null, "proprietaire": 1, "pretea": null, "image": "World_of_Warcraft_L_Ascension_de_la_horde.jpg"}}, {"model": "core.livre", "pk": 6, "fields": {"typeLivre": "LVR", "titre": "World of Warcraft : L'Heure des t\u00e9n\u00e8bres", "auteur1": 4, "auteur2": null, "auteur3": null, "editeur": 1, "date": 2007, "numero": null, "resume": "Apr\u00e8s avoir tu\u00e9 le chef de guerre corrompu Main-Noire, Orgrim Marteu-du-Destin a rapidement pris les r\u00eanes de la Horde des orcs. Il est maintenant d\u00e9termin\u00e9 \u00e0 conqu\u00e9rir le reste d'Azeroth, afin que son peuple dispose \u00e0 nouveau d'un foyer dans World Of Warcraft.\r\n\r\nAncien champion de Hurlevent, Anduin Lothar a laiss\u00e9 sa patrie bris\u00e9e derri\u00e8re lui et a men\u00e9 son peuple de l'autre c\u00f4t\u00e9 de la Grande mer, jusqu'au rivage de Lordaeron. L\u00e0-bas, avec l'aide du noble roi Terenas, il a conclu une formidable Alliance avec les autres nations humaines. Mais celle-ci ne suffira peut-\u00eatre pas \u00e0 enrayer l'assaut f\u00e9roce de la Horde.\r\n\r\nTandis que les deux factions naissantes luttent pour la domination du continent, elfes, nains et trolls se m\u00ealent au combat. La courageuse Alliance l'emportera-t-elle, ou la mar\u00e9e noire de la Horde balayer-t-elle les derniers vestiges de libert\u00e9 en Azeroth ?\r\n\r\nMagie, guerre et h\u00e9ro\u00efsme se taillent la part du lion dans le monde fantastique du c\u00e9l\u00e9bre jeu vid\u00e9o de Blizzard Entertainment.", "commentaire": null, "proprietaire": 1, "pretea": null, "image": "World_of_Warcraft_L_Heure_des_tenebres.jpg"}}, {"model": "core.livre", "pk": 7, "fields": {"typeLivre": "LVR", "titre": "World of Warcraft : Au del\u00e0 de la porte des t\u00e9n\u00e8bres", "auteur1": 4, "auteur2": 3, "auteur3": null, "editeur": 1, "date": 2012, "numero": null, "resume": "Au terme de la Seconde Guerre, l'Alliance avait repouss\u00e9 la Horde sauvage et d\u00e9truit la Porte des t\u00e9n\u00e8bres. Elle avait ainsi bris\u00e9 le lien entre Azeroth et Draenor, le monde natal des orcs. Mais deux ans plus tard, la Horde revient pour ravager \u00e0 nouveau le monde d'Azeroth.\r\n\r\nLe vieux chaman orc Ner'zhul a pris le contr\u00f4le de la Horde et rouvert la porte des t\u00e9n\u00e8bres. Ses violents guerriers p\u00e9n\u00e8trent une fois encore en Azeroth et assi\u00e8gent la toute nouvelle forterresse de Rempart-Du-N\u00e9ant. L'archimage Khadgar et le g\u00e9n\u00e9ral de l'Alliance Turalyon prennent la t\u00eate des humains, et de leurs alli\u00e9s elfes et nains, pour repousser cette derni\u00e8re invasion.\r\n\r\nPar ailleurs, des questions troublantes sont soulev\u00e9es. Khadgar entend parler de lointaine incursions d'orcs, et ces petits groups d'envahisseurs ne semblent pas seulement motiv\u00e9s par la soif de conqu\u00e8te. Pire encore, on rapporte \u00e9galement la pr\u00e9sence de dragons noirs qui aideraient les intrus. Pour d\u00e9jouer les sombres intrigues de Ner'zhul, l'Alliance doit envahir Draenor, le monde d'origine d\u00e9vast\u00e9 des orcs. Khadgar et ses compagnons pourront-ils arr\u00eater le vil chaman \u00e0 temps pour \u00e9viter la destruction de deux mondes?", "commentaire": null, "proprietaire": 1, "pretea": null, "image": "Au_dela_de_la_porte_des_tenebres.jpg"}}, {"model": "core.livre", "pk": 8, "fields": {"typeLivre": "LVR", "titre": "World of Warcraft : Arthas - L'Ascension du roi-liche", "auteur1": 3, "auteur2": null, "auteur3": null, "editeur": 1, "date": 2009, "numero": null, "resume": "Sa malveillance est l\u00e9gendaire. Seigneur du Fl\u00e9au mort-vivant, porteur de la lame runique Deuillegivre, et ennemi des peuples libres d'Azeroth, le roi-liche est une entit\u00e9 d'une puissance incalculable et d'une cruaut\u00e9 incomparable... et son \u00e2me totalement d\u00e9vor\u00e9e par ses plans pour d\u00e9truire toute vie.\r\n\r\nMais il n'en fut pas toujours ainsi. Bien avant que son \u00e2me ne fusionne avec celle du chaman orc Ner'zhul, le roi-liche \u00e9tait Arthas Menethil, prince h\u00e9ritier de Lordaeron et paladin d\u00e9vou\u00e9 de la Main d'argent.\r\n\r\nLorsqu'une pestilence de non-mort mena\u00e7a tout ce qu'il aimait, Arthas se lan\u00e7a dans une qu\u00eate \u00e9perdue \u00e0 la recherche d'une lame runique assez puissante pour sauver sa patrie. Mais l'objet de ses recherches allait exiger un tribut \u00e9lev\u00e9 de son nouveau ma\u00eetre, le jetant dans une terrifiante descente vers la damnation. Le sort d'Arthas le m\u00e8nera \u00e0 travers les landes arctiques du nord vers le Tr\u00f4ne de glace, o\u00f9 il fera face, enfin, \u00e0 la plus sombre des destin\u00e9es", "commentaire": null, "proprietaire": 1, "pretea": null, "image": "World_of_Warcraft_Arthas_L_Ascension_du_roi_liche.jpg"}}, {"model": "core.livre", "pk": 9, "fields": {"typeLivre": "LVR", "titre": "World of Warcraft : Illidan", "auteur1": 5, "auteur2": null, "auteur3": null, "editeur": 2, "date": 2016, "numero": null, "resume": "Le roman officiel de l'extension LegionTM de World of WarcraftTM, retra\u00e7ant l'histoire de l'un de ses personnages les plus embl\u00e9matiques : Illidan !\r\n\r\nDerri\u00e8re la l\u00e9gende se cache un individu assoiff\u00e9 de vengeance...\r\nIllidan Hurlorage est l'un des \u00eatres les plus puissants \u00e0 avoir jamais foul\u00e9 les terres d Azeroth. Condamn\u00e9 pour trahison apr\u00e8s avoir infiltr\u00e9 la L\u00e9gion d\u00e9moniaque, emprisonn\u00e9 pendant dix mille ans, ses v\u00e9ritables motivations restent insaisissables.\r\nAujourd hui, la L\u00e9gion est de retour et il n'existe qu'un seul combattant en mesure de se dresser face \u00e0 elle. Lib\u00e9r\u00e9 des ses cha\u00eenes, Illidan se pr\u00e9pare \u00e0 l'affrontement final dans le monde \u00e9tranger de l'Outreterre. Mais nombreux sont ceux qui ne voient dans l'arm\u00e9e monstrueuse qu'il assemble que l'instrument d'une cynique qu\u00eate de pouvoir, comme son ancienne ge\u00f4li\u00e8re, Maiev Chantelombre, bien d\u00e9cid\u00e9e \u00e0 lui faire payer ses crimes. Elle ne conna\u00eetra aucun repos tant qu'Illidan ne sera pas de retour en prison... ou six pieds sous terre.", "commentaire": null, "proprietaire": 1, "pretea": null, "image": "Illidan.jpg"}}, {"model": "core.livre", "pk": 10, "fields": {"typeLivre": "LVR", "titre": "World of Warcraft : Hurlorage", "auteur1": 1, "auteur2": null, "auteur3": null, "editeur": 1, "date": 2011, "numero": null, "resume": "Alors que le monde d'Azeroth \u00e9tait encore jeune, les titans y apport\u00e8rent l'ordre en remodelant ses terres et ses mers. Tout au long de leur \u0153uvre, ils s'inspir\u00e8rent d'une sublime image ui repr\u00e9sentait leur vision d'Azeroth. Si les titans sont partis depuis longtemps, cette image existe encore \u00e0 ce jour. Elle est connue sous le nom de R\u00eave d'\u00e9meraude, une version de luxuriante, sauvage et primitive du monde World Of Warcraft.\r\n\r\nNombreux sont les myst\u00e8res qui entourent le R\u00eave d'\u00e9meraude et ses gardiens solitaires du Vol draconique vert. Jadis, dans leur qu\u00eate \u00e9ternelle visant \u00e0 maintenir l'\u00e9quilibre fragile de la nature, les druides y sont entr\u00e9s pour observer le flux et le reflux de la vie sur Azeroth.\r\n\r\nN\u00e9anmoins, tous les r\u00eaves ne sont pas doux. Depuis peu, le Cauchemar d'\u00e9meraude, ne zone corrompue du R\u00eave d'\u00e9meraude, s'est mis \u00e0 cro\u00eetre et \u00e0 transformer le royaume de terreur inimaginable. Les dragons verts ont subitement \u00e9t\u00e9 pris dans le Cauchemar, et en sont ressorts le corps et l'esprit bris\u00e9s. Les druides qui se sont rendus dans le R\u00eave obscurci ont eu bien du mal \u00e0 s'en \u00e9chapper, et certains y sont rest\u00e9s prisonniers.\r\n\r\nMis ce sont pas les seuls atteints par le Cauchemar, puisque de plus en plus de personnes sont touch\u00e9es. M\u00eame Malfurion Hurlorage, le plus grand des druides d'Azeroth, semble victime de cette menace. Tandis que des cauchemars incontr\u00f4lables s'abattent sur le monde, une qu\u00eate d\u00e9sesp\u00e9r\u00e9e pour retrouver et lib\u00e9rer l'archidruide commence.\r\n\r\nLes ennemis de la nature d\u00e9couvriront rapidement le v\u00e9ritable sens du nom Hurlorage.", "commentaire": null, "proprietaire": 1, "pretea": null, "image": "World_of_warcraft_Hurlorage.jpg"}}, {"model": "core.livre", "pk": 11, "fields": {"typeLivre": "LVR", "titre": "World of Warcraft : L'Effondrement - Pr\u00e9lude au cataclysme", "auteur1": 3, "auteur2": null, "auteur3": null, "editeur": 1, "date": 2011, "numero": null, "resume": "Il y a bien longtemps, les El\u00e9mentaires destructeurs natifs d'Azeroth ravag\u00e8rent le monde jusqu'\u00e0 ce que les bienveillants titans les emprisonnent dans le Plan El\u00e9mentaire. Depuis leur intervention, beaucoup d'El\u00e9mentaires sont revenus en Azeroth. Au fil des si\u00e8cles, des chamans comme Thrall ont communi\u00e9 avec ces esprits et, gr\u00e2ce \u00e0 leur patience et leur d\u00e9vouement, ont appris \u00e0 calmer des brasiers ardents, \u00e0 faire tomber la pluie sur des terres dess\u00e9ch\u00e9es par le soleil, et \u00e0 temp\u00e9rer l'influence d\u00e9sastreuse des El\u00e9mentaires sur le monde d'Azeroth.\r\n\r\nOr, Thrall a d\u00e9couvert que les El\u00e9mentaires pr\u00eataient plus attention aux appels des chamans. Le lien qu'ils partageaient avec ces esprits s'est amenuis\u00e9 et distendu, comme si la surface d'Azeroth elle-m\u00eame subissait d'\u00e9normes pressions. Tandis que Thrall cherche \u00e0 savoir ce qui tourmente les \u00e9l\u00e9ments troubl\u00e9s, il lutte pour sauver son peuple, les orcs, qui, menac\u00e9s par la diminution de leurs r\u00e9serves et l'hostilit\u00e9 croissante de leurs voisins elfes de la nuit, sont destin\u00e9s \u00e0 un avenir pr\u00e9caire.\r\n\r\nPendant ce temps, Varian Wrynn, roi de Hurlevent, envisage une action violente r\u00e9ponse \u00e0 la tension grandissante entre la Horde et l'Alliance, une position intransigeante qui risque de l'\u00e9loigner de ses proches, y compris de son fils, Anduin. Le jeune prince tiraill\u00e9 par le doute est n\u00e9anmoins fermement r\u00e9solu \u00e0 trouver sa propre voie, ce qui risque de le m\u00ealer instabilit\u00e9s politiques qui alarment le monde.\r\n\r\nLe destin des grandes races d'Azeroth est nimb\u00e9 d'un brouillard d'incertitude, et le comportement erratique des esprits \u00e9l\u00e9mentaires, si perturbant soit-il peut-\u00eatre que le premier pr\u00e9sage sinistre du cataclysme qui approche.", "commentaire": null, "proprietaire": 1, "pretea": null, "image": "World_of_Warcraft_L_Effondrement_Prelude_au_cataclysme.jpg"}}, {"model": "core.livre", "pk": 12, "fields": {"typeLivre": "LVR", "titre": "World of Warcraft : Coeur de loup", "auteur1": 1, "auteur2": null, "auteur3": null, "editeur": 1, "date": 2011, "numero": null, "resume": "Le Cataclysme s'est accompagn\u00e9 d'un cort\u00e8ge de conflits qui n'ont \u00e9pargn\u00e9 aucune r\u00e9gion d'Azeroth. La horde a profit\u00e9 de la tourmente pour p\u00e9n\u00e9trer en Orneval et exploiter ses ressources afin d'alimenter sa machine de guerre naissante. Le chef de guerre Garrosh Hurlenfer adopte une strat\u00e9gie nouvelle et brutale pour conqu\u00e9rir la r\u00e9gion et \u00e9craser les d\u00e9fenseurs elfes de la nuit, une man\u0153uvre qui va s\u00e9rieusement diminuer la puissance de l'alliance dans World Of Warcraft.\r\n\r\nIgnorant tout du d\u00e9sastre qui se pr\u00e9pare en Orneval, la grande pr\u00eatresse Tyrande Murmevent et l'archidruide Malfurion Hurlorage, les souverains l\u00e9gendaires des elfes de la nuit, organisent dans les environs de Darnassus un sommet visant \u00e0 int\u00e9grer les fiers worgens de Giln\u00e9as \u00e0 l'Alliance. Toutefois, Varian rynn, le roi de Hurlevent, nourrit encore un vif ressentiment \u00e0 l'\u00e9gard de cette nation et de son souverain, Genn Griset\u00eate. Son refus de pardonner \u00e0 Genn, qui a ferl\u00e9 ses fronti\u00e8res au reste du monde il y a des ann\u00e9es, ne compromet pas seulement l'issue de la conf\u00e9rence: il menace de sonner le glas de l'Alliance elle-m\u00eame.\r\n\r\nL'animosit\u00e9 de Varian n'est que l'un des nombreux faits troublant qui agitent Darnassus. Un v\u00e9ritable malaise s'installe parmi les elfes de la nuit autrefois immortels quand l'un d'eux subit les affres de la vieillesse. S'ils font face \u00e0 leur mortalit\u00e9, la r\u00e9int\u00e9gration des Bien-n\u00e9s, qui constituaient jadis la plus haute caste de l'aristocratie elfe de la nuit, cr\u00e9e des tensions. Beaucoup sont incapables de pardonner la destruction qu'ils ont provoqu\u00e9e en Azeroth, il y a des milliers d'ann\u00e9es, en faisant un usage immod\u00e9r\u00e9 de leur magie.\r\n\r\nTandis qu'un Bien-n\u00e9 est retrouv\u00e9 assassin\u00e9 aux abords de Darnassus, Malfurion et Tyrande interviennent pour \u00e9viter un bain de sang et mettre un terme \u00e0 l'agitation en chargeant un des plus talentueux agents elfes de la nuit de retrouver le tueur: la c\u00e9l\u00e8bre gardienne Maiev Chantelombre. Toutefois, avec les \u00e9v\u00e9nements qui agitent la capitale, l'Alliance risque fort de ne pas pouvoir emp\u00eacher le nouveau chef de guerre, l'implacable Garrosh Hurlenfer, de s'emparer de tout Orneval.", "commentaire": null, "proprietaire": 1, "pretea": null, "image": "World_of_Warcraft_Coeur_de_loup.jpg"}}, {"model": "core.livre", "pk": 13, "fields": {"typeLivre": "LVR", "titre": "World of Warcraft : Thrall - Le cr\u00e9puscule des aspects", "auteur1": 3, "auteur2": null, "auteur3": null, "editeur": 1, "date": 2011, "numero": null, "resume": "Il y a plus de dix mille ans, par sa trahison, Aile de mort, l'Aspect draconique noir devenu fou, brisa la force et l'unit\u00e9 des Vols draconiques. Le Cataclysme, sa derni\u00e8re attaque, a plong\u00e9 Azeroth dans la tourmente. Au Maelstr\u00f6m, au coeur de l'instabilit\u00e9 qui frappe ce monde, Thrall, l'ancien chef de guerre de la Horde, et d'autres chamans accomplis s'efforcent d'emp\u00eacher une dislocation des terres apr\u00e8s l'assaut d'Aile de mort. Thrall m\u00e8ne \u00e9galement une bataille contre lui-m\u00eame concernant sa nouvelle vie au sein du Cercle terrestre chamanique, ce qui perturbe ses talents habituellement in\u00e9galables.\r\n\r\nIncapable de se concentrer sur son travail, Thrall entreprend une mission apparemment sans importance qui lui est confi\u00e9e par une cr\u00e9ature inattendue, Ysera, le myst\u00e9rieux Aspect draconique vert. Son humble t\u00e2che se transforme vite en un voyage \u00e0 travers les terres d'Azeroth et dans les voies temporelles de l'histoire elle-m\u00eame, qui le conduit \u00e0 rencontrer les anciens Vols draconiques. Divis\u00e9s par la m\u00e9fiance et les querelles, ces dragons constituent des proies faciles pour les serviteurs d'Aile de mort, qui disposent d'une nouvelle arme \u00e9pouvantable... un cauchemar vivant con\u00e7u pour exterminer les gardiens ail\u00e9s d'Azeroth.\r\n\r\nPlus inqui\u00e9tant encore, Ysera a r\u00eav\u00e9 d'un \u00e9ventuel avenir sombre et terrifiant : l'Heure du cr\u00e9puscule. Avant que cette vision apocalyptique ne se r\u00e9alise, Thrall devra se d\u00e9faire de ses doutes, d\u00e9couvrir son r\u00f4le dans le monde et aider les VOls draconiques d'Azeroth \u00e0 faire face au Cr\u00e9puscule des Aspects.", "commentaire": null, "proprietaire": 1, "pretea": null, "image": "World_of_Warcraft_Thrall_Le_crepuscule_des_aspects.jpg"}}, {"model": "core.livre", "pk": 14, "fields": {"typeLivre": "LVR", "titre": "World of WarCraft : Jaina Portvaillant - Le d\u00e9ferlement", "auteur1": 3, "auteur2": null, "auteur3": null, "editeur": 1, "date": 2012, "numero": null, "resume": "Le Cataclysme pass\u00e9, le calme est revenu sur les royaumes disparates dAzeroth. Alors que le monde bris\u00e9 se remet du d\u00e9sastre, lillustre sorci\u00e8re, dame Jaina Portvaillant s\u00e9vertue \u00e0 apaiser les relations entre la Horde et lAlliance. Mais des tensions grandissantes menacent de provoquer une guerre ouverte entre les deux factions, an\u00e9antissant ainsi le peu de stabilit\u00e9 dont jouit encore le monde de WarCraft. De sombres nouvelles parviennent \u00e0 Theramore, la ville bien-aim\u00e9e de Jaina. Liris de focalisation, lune des plus puissantes reliques du Vol draconique bleu, a \u00e9t\u00e9 d\u00e9rob\u00e9. Pour retrouver le myst\u00e9rieux objet, Jaina sallie \u00e0 Kalecgos, lancien Aspect des dragons bleus. Tandis que les deux glorieux h\u00e9ros nouent des liens inattendus durant leur enqu\u00eate, le cours des \u00e9v\u00e9nements menace de prendre une tournure catastrophique...", "commentaire": null, "proprietaire": 1, "pretea": null, "image": "World_of_Warcraft_Le_Deferlement.jpg"}}, {"model": "core.livre", "pk": 15, "fields": {"typeLivre": "LVR", "titre": "World of Warcraft : Vol'jin - Les ombres de la Horde", "auteur1": 6, "auteur2": null, "auteur3": null, "editeur": 1, "date": 2013, "numero": null, "resume": "Vol'jin est le chef courageux de la tribu Sombrelance. Sa force et son adresse sont sans \u00e9gales, m\u00eame parmi les champions les plus renomm\u00e9s de la Horde. Envoy\u00e9 sur le continent l\u00e9gendaire de Pandarie, le valeureux troll va affronter une \u00e9preuve d\u00e9cisive, de celles qui pourraient bien red\u00e9finir sa place dans le monde de Warcraft.\r\n\r\nLes assassins \u00e0 a solde du chef de guerre Garrosh frappent Vol'jin et le laissent pour mort. Mais le destin sourit au Sombrelance bless\u00e9 et le c\u00e9l\u00e8bre ma\u00eetre brasseur Brune d'Orage le met \u00e0 l'abri, dans un monast\u00e8re isol\u00e9 dans les montagnes. L\u00e0-bas, Vol'jin, qui s'efforce de r\u00e9cup\u00e9rer au c\u00f4t\u00e9 d'un myst\u00e9rieux soldat humain, est confront\u00e9 aux vieilles haines qui couvent entre l'Alliance et la Horde.\r\n\r\nCe n'est pourtant que le d\u00e9but de ses ennuis. Rapidement, il se trouve m\u00eal\u00e9 \u00e0 une invasion de la Pandarie lanc\u00e9e par les Zandalari, des trolls v\u00e9n\u00e9r\u00e9s et anim\u00e9s par des r\u00eaves de conqu\u00eates et de pouvoir. Cette ancienne tribu offre \u00e0 Vol'jin une chance de conna\u00eetre la gloire qui revient de droit \u00e0 tous les trolls... une proposition d'autant plus attrayante que Garrosh l'a impun\u00e9ment trahi.\r\n\r\nTandis que se d\u00e9roulent ces \u00e9v\u00e9nements troublants, Vol'jin est agit\u00e9 de visions intenses qui retracent l'histoire grandiose de sa race. Envers qui doit-il \u00eatre loyal ? Le choix qu'il est amen\u00e9 \u00e0 faire pourrait soit sauver son peuple, soit le condamner \u00e0 d\u00e9p\u00e9rir sous la botte de Garrosh dans les Ombres de la Horde", "commentaire": null, "proprietaire": 1, "pretea": null, "image": "Vol_jin_les_ombres_de_la_horde.jpg"}}, {"model": "core.livre", "pk": 16, "fields": {"typeLivre": "LVR", "titre": "Une m\u00e9moire d'\u00e9l\u00e9phant", "auteur1": 7, "auteur2": null, "auteur3": null, "editeur": 3, "date": 2017, "numero": null, "resume": "", "commentaire": null, "proprietaire": 2, "pretea": null, "image": ""}}, {"model": "core.livre", "pk": 17, "fields": {"typeLivre": "LVR", "titre": "Les enchantements d'Ambremer", "auteur1": 8, "auteur2": null, "auteur3": null, "editeur": 4, "date": 2017, "numero": 1, "resume": "Occup\u00e9 \u00e0 enqu\u00eater sur un trafic d'objets enchant\u00e9s, Louis Denizart Hippolyte Griffont, mage du Cercle Cyan, se retrouve m\u00eal\u00e9 \u00e0 une s\u00e9rie de meurtres. Confront\u00e9 \u00e0 des gargouilles immortelles et \u00e0 un puissant sorcier, Griffont n'a d'autre choix que de s'associer \u00e0 Isabel de Saint-Gil, une f\u00e9e r\u00e9n\u00e9gate qu'il ne conna\u00eet que trop bien ...", "commentaire": null, "proprietaire": null, "pretea": null, "image": ""}}, {"model": "core.livre", "pk": 18, "fields": {"typeLivre": "LVR", "titre": "L'\u00e9lixir d'oubli", "auteur1": 8, "auteur2": null, "auteur3": null, "editeur": 4, "date": 2017, "numero": 2, "resume": "", "commentaire": null, "proprietaire": null, "pretea": null, "image": ""}}, {"model": "core.livre", "pk": 19, "fields": {"typeLivre": "LVR", "titre": "Le royaume immobile", "auteur1": 8, "auteur2": null, "auteur3": null, "editeur": 4, "date": 2017, "numero": 3, "resume": "", "commentaire": null, "proprietaire": null, "pretea": null, "image": ""}}, {"model": "core.livre", "pk": 20, "fields": {"typeLivre": "LVR", "titre": "Mandolines et barbouzes", "auteur1": 9, "auteur2": null, "auteur3": null, "editeur": 3, "date": 1969, "numero": null, "resume": "Parce qu'un de leurs compatriotes a d\u00e9couvert une nouvelle sorte de bombe \u00e0 laquelle s'int\u00e9resse plus particuli\u00e8rement les Russes et les Fran\u00e7ais, des vieillards s'imaginent que leur ch\u00e8re ville de Mod\u00e8ne est vou\u00e9e \u00e0 la destruction. Alors pour d\u00e9fendre leur cit\u00e9 bien-aim\u00e9e, ils vont - avec une parfaite et innocente absence de scrupules - \u00e9liminer ceux qu'ils tiennent pour leurs ennemis. Un agent sovi\u00e9tique qui porte en lui la nostalgie de la Sainte Russie, un charmant Sicilien amoureux et craintif, un agent fran\u00e7ais pas tellement fut\u00e9 et une ravissante jeune fille sont les principaux h\u00e9ros de ce roman policier humoristique.", "commentaire": null, "proprietaire": null, "pretea": null, "image": ""}}, {"model": "core.livre", "pk": 21, "fields": {"typeLivre": "LVR", "titre": "Le plus beau des bersagliers", "auteur1": 9, "auteur2": null, "auteur3": null, "editeur": 3, "date": 1974, "numero": null, "resume": "Nino Regazzi, le bersaglier, devait \u00e0 la nature un visage qui mettait tous les coeurs en \u00e9moi. Cependant, jouer les s\u00e9ducteurs comporte des risques et le soir o\u00f9 les agents, effectuant leur ronde, trouv\u00e8rent le cadavre du plus beau des bersagliers, nul ne s'en \u00e9tonna beaucoup. Sans doute la police n'aurait-elle jamais d\u00e9couvert le coupable, car les pistes se r\u00e9v\u00e9laient trop nombreuses, si le hasard n'avait voulu que le commissaire v\u00e9ronais, Rom\u00e9o Tarchinini,ne soit venu effectuer un stage \u00e0 Turin.", "commentaire": null, "proprietaire": null, "pretea": null, "image": ""}}, {"model": "core.livre", "pk": 22, "fields": {"typeLivre": "LVR", "titre": "Au \"Trois cassoulets\"", "auteur1": 9, "auteur2": null, "auteur3": null, "editeur": 3, "date": 1975, "numero": null, "resume": "On entendit quelqu'un qui de la cuisine demandait : \r\n- Qu'est-ce qui se passe ? \r\nLa voix paisible de Mireille sembla emplir la salle lorsqu'elle r\u00e9pondit d\u00e9tachant bien les mots :\r\n- C'est cette vieille bique de Sartilly qui fait son num\u00e9ro.\r\nDu coup les rires d\u00e9ferl\u00e8rent et Monique tremblante de rage, cria plus qu'elle ne dit :\r\n- Il n'y a donc pas un homme d'honneur ici pour prendre la d\u00e9fense d'une honn\u00eate femme insult\u00e9e par des filles publiques ?\r\nUn oh ! de protestation courut parmi les tabl\u00e9es. Suzanne s'approcha de Monique : \r\n-Vous \u00eates venue pour m'insulter ?\r\n- Je me demande comment il faudrait s'y prendre pour insulter des filles de votre esp\u00e8ce !\r\n- Comme \u00e7a !\r\nEt Suzanne appliqua une ma\u00eetresse gifle sur la joue de Monique Sartilly ...", "commentaire": null, "proprietaire": null, "pretea": null, "image": ""}}, {"model": "core.livre", "pk": 23, "fields": {"typeLivre": "LVR", "titre": "Le quintette de Bergame", "auteur1": 9, "auteur2": null, "auteur3": null, "editeur": 3, "date": 1975, "numero": null, "resume": "- Giulietta, tu es une sotte !\r\n- C'est \u00e7a ! Insulte-moi, maintenant ! Il ne te reste plus qu'\u00e0 me mettre \u00e0 la porte pour celle que tu ram\u00e8neras de Bergame puisse trouver la place nette !\r\nDe rage, Tarchinini attrapa la tasse dans laquelle il venait de boire et la jeta sur le plancher o\u00f9 elle se brisa. Devant ce geste sacril\u00e8ge, les deux antagonistes demeur\u00e8rent un instant muets de saisissement, puis Giulietta murmura d'un ton incr\u00e9dule : \r\n_ Tu as os\u00e9 ... Le service de la tante Paola !", "commentaire": null, "proprietaire": null, "pretea": null, "image": ""}}, {"model": "core.livre", "pk": 24, "fields": {"typeLivre": "LVR", "titre": "Avanti la musica", "auteur1": 9, "auteur2": null, "auteur3": null, "editeur": 3, "date": 11976, "numero": null, "resume": "- Qu'est-ce que tu feras ? \r\nGianni venait d'entrer et c'\u00e9tait lui qui posait la question. Il marcha sur Mario et le prenant par sa chemise : \r\n- Comme tu me parles Gianni ! A moi, ton parent ! \r\nMario en avait les larmes aux yeux. Il s'adressa aux autres :\r\n- Un gamin \u00e0 qui j'ai appris \u00e0 faire ses premiers gluaux pour les grives et il me jette des horreurs !\r\n- Et toi, t'\u00e9tais pas en train d'en dire au p\u00e8re par hasard ? \r\n- C'est diff\u00e9rent ! Avec ton p\u00e8re, c'est de la politique, avec toi, c'est de la mauvaise \u00e9ducation !", "commentaire": null, "proprietaire": null, "pretea": null, "image": ""}}, {"model": "core.livre", "pk": 25, "fields": {"typeLivre": "LVR", "titre": "Chianti et coca-cola", "auteur1": 9, "auteur2": null, "auteur3": null, "editeur": 3, "date": 1984, "numero": null, "resume": "Ah ! Ils se croient plus malins que les autres, ces Am\u00e9ricains ! Ils s'imaginent pouvoir prendre des airs sup\u00e9rieurs ... Mais Rom\u00e9o Tarchinini, lui, sait comment mener une enqu\u00eate criminelle. Il a des m\u00e9thodes bien personnelles. Et elles sont infaillibles ... N'est-il pas le grand Tarchinini, le plus c\u00e9l\u00e8bre commissaire v\u00e9ronais ? \u00c9videmment, ces puritains bostoniens au c\u0153ur sec ne peuvent pas savoir que l'amour est le mobile de tous les crimes. Et puis, pas de doute, le coca-cola leur a ramolli les m\u00e9ninges ... Ah ! l'amour ... le moteur essentiel, unique ... Mais o\u00f9 d\u00e9nicher l'amour dans cette affaire sordide ?", "commentaire": null, "proprietaire": null, "pretea": null, "image": ""}}, {"model": "core.livre", "pk": 26, "fields": {"typeLivre": "LVR", "titre": "Les fian\u00e7ailles d'Imog\u00e8ne", "auteur1": 9, "auteur2": null, "auteur3": null, "editeur": 3, "date": 2001, "numero": null, "resume": "Ted Boolitt, la m\u00e2choire endolorie, les doigts engourdis, remettait tant bien que mal de l'ordre dans son \u00e9tablissement d\u00e9vast\u00e9 lorsqu'un g\u00e9missement le fit se diriger vers le comptoir par-dessus lequel il se pencha pour contempler sa malheureuse femme qui revenait p\u00e9niblement \u00e0 elle. Quand elle ditingua le visage de son mari, elle murmura : \r\n-Ted ... Dites-moi la v\u00e9rit\u00e9 ... Il y a eu un tremblement de terre ou quoi ? \r\nEn d\u00e9pit de ses l\u00e8vres tum\u00e9fi\u00e9es, Boolitt eut un rire triomphant.\r\n- Non, nous avons simplement c\u00e9l\u00e9br\u00e9, \u00e0 la fa\u00e7on du vieux pays, les fian\u00e7ailles de cette tra\u00eetresse d'Imog\u00e8ne McCarthery.", "commentaire": null, "proprietaire": null, "pretea": null, "image": ""}}, {"model": "core.livre", "pk": 27, "fields": {"typeLivre": "LVR", "titre": "Ces sacr\u00e9es florentines", "auteur1": 9, "auteur2": null, "auteur3": null, "editeur": 3, "date": 1975, "numero": null, "resume": "- Comme \u00e7a vous n'avez pas le temps de nous montrer vos papiers, h\u00e9 ? Alors, vous allez bien gentiment nous accompagner au commissariat h\u00e9 ? \r\n- Ma qu\u00e9 ! Venez avec moi au lieu de d\u00e9biter des sottises !\r\nA nouveau les repr\u00e9sentants de l'ordre s'examin\u00e8rent mutuellement pour s'assurer qu'ils avaient bien entendu. Cependant, le V\u00e9ronnais n'attendit pas la fin des cogitations polici\u00e8res pour tourner les talons et rentrer dans le palais o\u00f9 les agents se pr\u00e9cipit\u00e8rent \u00e0 sa suite. Ils grimp\u00e8rent l'escalier derri\u00e8re lui et lorsqu'ils arriv\u00e8rent \u00e0 l'endroit o\u00f9 le pauvre Montarina occupait une position incommode, Tarchinini s'\u00e9carta : \r\n- Pour vous;\r\nLes yeux ronds des flics contempl\u00e8rent l'\u00e9trange cadeau, l'un d'eux ne put que dire : \r\n- Qu'est-ce que c'est que \u00e7a ? \r\n- Un cadavre.", "commentaire": null, "proprietaire": null, "pretea": null, "image": ""}}, {"model": "core.livre", "pk": 28, "fields": {"typeLivre": "LVR", "titre": "Amour et sparadrap", "auteur1": 9, "auteur2": null, "auteur3": null, "editeur": 3, "date": 1975, "numero": null, "resume": "Brusquement il lui prit la main gauche. Elle faillit crier, se contint : \r\n- L\u00e2chez-moi !\r\n- Je ne veux pas que vous repartiez.\r\n- L\u00e2chez-moi, sans \u00e7a ...\r\n- Restez pr\u00e8s de moi.\r\nElle tenta de lui faire l\u00e2cher prise mais en vain. Hors d'elle, elle hurla :\r\n- Vous l'aurez voulu.\r\nEt d'un geste vif, elle le coiffa avec la tarte aux pommes.", "commentaire": null, "proprietaire": null, "pretea": null, "image": ""}}, {"model": "core.livre", "pk": 29, "fields": {"typeLivre": "LVR", "titre": "Un bien bel homme", "auteur1": 9, "auteur2": null, "auteur3": null, "editeur": 3, "date": 1977, "numero": null, "resume": "Un manoir b\u00e2ti sur une presqu'\u00eele baign\u00e9e par la mer d'Irlande. La demeure comme le parc y sont merveilleusement ordonn\u00e9s. C'est la que le propri\u00e9taire - un financier de la Cit\u00e9 - vient se reposer chaque ann\u00e9e.\r\nAn v\u00e9rit\u00e9, celui qui dirige ce domaine est un ma\u00eetre d'h\u00f4tel h\u00e9ritier des grandes traditions, et qui, par amour pour sa femme, a quitt\u00e9 les duchesses et les marquis pour entrer au service des banquiers. Il en \u00e9prouve de lancinants remords. Cependant dans une autosatisfaction de tous les instants, il trouve une large compensation \u00e0 ses troubles de conscience.\r\nTout le monde n'admire pas le ma\u00eetre d'h\u00f4tel mais chacun s'accorde pour reconna\u00eetre que c'est un bien bel homme.\r\nUn bien bel homme qui se croyait aussi intelligent que beau, ce en quoi il se trompait.", "commentaire": null, "proprietaire": null, "pretea": null, "image": ""}}, {"model": "core.livre", "pk": 30, "fields": {"typeLivre": "LVR", "titre": "Le Paris des merveilles - L'\u00e9lixir d'oubli", "auteur1": 8, "auteur2": null, "auteur3": null, "editeur": 4, "date": 2017, "numero": null, "resume": "Paris, 1909. A peine remis de sa pr\u00e9c\u00e9dente enqu\u00eate, Louis Denizart Hippolyte Griffont, mage du Cercle Cyan, se retrouve m\u00eal\u00e9 \u00e7\u00e0 une bien \u00e9trange affaire, dont les ramifications pourraient remonter \u00e0 plusieurs dizaines, voire plusieurs centaines d'ann\u00e9es. Second\u00e9 - plus ou moins ... - par la baronne Isabel de Saint-Gil, Griffont va devoir affronter bien des dangers. Mais il se pourrait que ce soit l'avenir de notre monde et de l'OutreMonde, lui-m\u00eame, rien de moins, qui soit en jeu. Cela justifie bien de se replonger dans son pass\u00e9, voire de mettre sa propre vie en p\u00e9ril.", "commentaire": null, "proprietaire": null, "pretea": null, "image": ""}}, {"model": "core.livre", "pk": 31, "fields": {"typeLivre": "LVR", "titre": "Rams\u00e8s - La bataille de Kadesh", "auteur1": 10, "auteur2": null, "auteur3": null, "editeur": 5, "date": 1997, "numero": 3, "resume": "Le jeune roi de vingt-cinq ans affronte les pires \u00e9preuves de son r\u00e8gne. Alors que la sant\u00e9 de N\u00e9fertari, victime d'un mal\u00e9fice, d\u00e9cline irr\u00e9m\u00e9diablement, la menace hittite se pr\u00e9cise. Un empire si riche et si magnifique peut-il s'\u00e9crouler d'un seul coup ? Il faut se battre. D\u00e9couvrir la pierre de la d\u00e9esse qui peut gu\u00e9rir son \u00e9pouse royale. Devant la forteresse de Kadesh, ensuite, tenter l'impossible face aux chars et aux archers d'un ennemi sup\u00e9rieurement arm\u00e9.", "commentaire": null, "proprietaire": null, "pretea": null, "image": ""}}, {"model": "core.auteur", "pk": 1, "fields": {"nom": "Knaak", "prenom": "Richard A.", "datenaissance": "1961-05-28", "datemort": null, "histoire": "Nationalit\u00e9 : \u00c9tats-Unis\r\nN\u00e9(e) le : 28.05.1961\r\nBibliographie :\r\nN\u00e9 \u00e0 Chicago en mai 1961, Richard A. Knaak s'est int\u00e9ress\u00e9 \u00e0 l'art de conter quand il a appris \u00e0 lire, surtout les contes de r\u00eave et de myst\u00e8re. Tr\u00e8s t\u00f4t, il a d\u00e9couvert les auteurs Andre Norton, Roger Zelazny, Arthur Conan Doyle et Edgar Rice Burroughs, qui ont tous eu une influence sur son travail. Le manque de v\u00e9ritables limites dans le r\u00eave lui a lanc\u00e9 un appel, surtout le th\u00e8me de l'id\u00e9al h\u00e9ro\u00efque. Ayant d\u00e9j\u00e0 lu La Famille Suisse Robinson, Knaak a aper\u00e7u Storm over Warlock de Norton dans la collection de sa s\u0153ur par hasard (le destin qui le prend peut-\u00eatre en main, car c'\u00e9tait le seul roman SF et fantasy qu'elle poss\u00e9dait). Il a d\u00e9vor\u00e9 tous les livres qu'il trouvait \u00e0 la biblioth\u00e8que locale.\r\n\r\nIl est entr\u00e9 au coll\u00e8ge en chimie mais s'est finalement rendu compte de son erreur et est retourn\u00e9 \u00e0 son premier amour, l'\u00e9criture. Il passe son bac en rh\u00e9torique \u00e0 l'Universit\u00e9 de l'Illinois \u00e0 Champaign-Urbana.", "lienWEB": "https://fr.wikipedia.org/wiki/Richard_A._Knaak", "image": "5834.jpg"}}, {"model": "core.auteur", "pk": 3, "fields": {"nom": "Golden", "prenom": "Christie", "datenaissance": "1963-11-21", "datemort": null, "histoire": "Nationalit\u00e9 : \u00c9tats-Unis\r\nN\u00e9(e) \u00e0 : Atlanta, Georgie , le 21/11/1963\r\nBiographie :\r\n\r\nChristie Golden est une romanci\u00e8re am\u00e9ricaine de science-fiction, fantastique et horreur.\r\n\r\nElle est dipl\u00f4m\u00e9e d'Anglais de l'Universit\u00e9 de Virginie en 1985.\r\n\r\nEn 1991, son premier roman, \"Le Vampire des brumes\" (Vampire of the Mists), remporte un franc succ\u00e8s et voit l'apparition de l'arch\u00e9type du vampire elfe.\r\n\r\nApr\u00e8s avoir \u00e9crit plusieurs romans dans les univers Ravenloft et Forgotten Realms de Dungeons & Dragons \u00e0 partir de 1991, elle a sign\u00e9 de nombreux romans sur plusieurs saisons de Star Trek, puis Warcraft, Buffy contre les vampires, Assassin's Creed et Star Wars.\r\n\r\nElle est tr\u00e8s prolifique dans l'univers de StarCraft, avec entre autres une trilogie, \"La Saga du templier noir\" (The Dark Templar Saga, 2007, 2012) et dans l'univers \u00e9tendu de Star Wars o\u00f9 elle a notamment contribu\u00e9 \u00e0 la s\u00e9rie \"Le Destin des Jedi\" (Fate of the Jedi) avec les auteurs Aaron Allston et Troy Denning.\r\n\r\nElle est l'auteure de la nouvelle de Halo: Fractures - Promises to Keep.\r\n\r\nElle a \u00e9crit \u00e9galement sous le pseudonyme de Jadrien Bell (\"A.D. 999\", 1999).\r\n\r\nson site : http://www.christiegolden.com/", "lienWEB": "https://fr.wikipedia.org/wiki/Christie_Golden", "image": "AVT_Christie-Golden_6327.png"}}, {"model": "core.auteur", "pk": 4, "fields": {"nom": "Rosenberg", "prenom": "Aaron", "datenaissance": "1969-10-13", "datemort": null, "histoire": "Nationalit\u00e9 : \u00c9tats-Unis\r\nN\u00e9(e) le : 13/10/1969\r\nBiographie :\r\n\r\nAaron S. Rosenberg est un \u00e9crivain et concepteur de jeux de r\u00f4les am\u00e9ricain.\r\n\r\nIl est sp\u00e9cialis\u00e9 dans l'adaptation de s\u00e9rie t\u00e9l\u00e9vis\u00e9e et de film en livre.\r\n\r\nEn 2010, il remporte un Scribe Awards dans la cat\u00e9gorie \u00ab Meilleur adaptation pour jeunes adultes \u00bb avec une adaptation de la s\u00e9rie College Rock Stars.", "lienWEB": "https://fr.wikipedia.org/wiki/Aaron_Rosenberg_%28%C3%A9crivain%29", "image": "AVT_Aaron-Rosenberg_6468.jpeg"}}, {"model": "core.auteur", "pk": 5, "fields": {"nom": "King", "prenom": "William", "datenaissance": "1959-01-01", "datemort": null, "histoire": "Nationalit\u00e9 : Royaume-Uni\r\nN\u00e9(e) \u00e0 : Stranraer, Ecosse , 1959\r\nBiographie :\r\n\r\nWilliam King, \u00e9galement connu sous le nom de \"Bill King\", est un \u00e9crivain britannique de science-fiction.\r\n\r\nIl est l'auteur de plusieurs livres de science-fiction et du fantastique \u00e0 succ\u00e8s, notamment dans les s\u00e9ries issues des jeux \"Warhammer Atelier\" et \"Warhammer 40,000\", tous publi\u00e9s par The Black Library.\r\n\r\nSes personnages les plus m\u00e9morables, \"Gotrek et F\u00e9lix\", ont \u00e9t\u00e9 publi\u00e9s dans une s\u00e9rie de romans, \u00e0 commencer par \"Tueur de Trolls\".", "lienWEB": "https://en.wikipedia.org/wiki/William_King_(author)", "image": "AVT_William-King_4347.jpeg"}}, {"model": "core.auteur", "pk": 6, "fields": {"nom": "Stackpole", "prenom": "Micha\u00ebl A.", "datenaissance": "1957-11-27", "datemort": null, "histoire": "Nationalit\u00e9 : \u00c9tats-Unis\r\nN\u00e9(e) \u00e0 : Wausau, Wisconsin , 1957\r\nBiographie :\r\n\r\nN\u00e9 d'un p\u00e9diatre et d'une institutrice, Michael Austin Stackpole est l\u2019a\u00een\u00e9 de trois enfants.\r\n\r\nDipl\u00f4m\u00e9 de l'Universit\u00e9 du Vermont en 1979 avec un Bachelor of Arts en Histoire, il commence par se lancer dans l'industrie du jeu vid\u00e9o. Il vit d\u00e9sormais dans l'Arizona.\r\n\r\nIl a d\u00e9but\u00e9 sa carri\u00e8re comme auteur d'aventures en solitaire pour le jeu de r\u00f4le \"Tunnels & Trolls\" (\"City of Terrors\", \"Sewers of Oblivion\" et \"Red Circle\"), mais c'est en 1987 qu'il commence \u00e0 \u00e9crire des romans, le plus souvent sur commande (\"Star Wars\", \"Battletech\", \"World of Warcraft\").\r\n\r\nIl est aussi l'auteur du cycle Fantasy \"La Guerre de la couronne\".", "lienWEB": "https://fr.wikipedia.org/wiki/Michael_A._Stackpole", "image": "AVT_Michal-A-Stackpole_7066.jpeg"}}, {"model": "core.auteur", "pk": 7, "fields": {"nom": "Christie", "prenom": "Agatha", "datenaissance": "1890-09-15", "datemort": "1976-01-12", "histoire": "Son premier roman \"La myst\u00e9rieuse affaire de Styles\" est publi\u00e9 en 1920 et voit l'apparition d'un nouveau h\u00e9ros : Hercule Poirot.", "lienWEB": null, "image": ""}}, {"model": "core.auteur", "pk": 8, "fields": {"nom": "Pevel", "prenom": "Pierre", "datenaissance": "1968-01-01", "datemort": null, "histoire": "", "lienWEB": null, "image": ""}}, {"model": "core.auteur", "pk": 9, "fields": {"nom": "Exbrayat", "prenom": null, "datenaissance": null, "datemort": null, "histoire": "", "lienWEB": null, "image": ""}}, {"model": "core.auteur", "pk": 10, "fields": {"nom": "Jacq", "prenom": "Christian", "datenaissance": null, "datemort": null, "histoire": "", "lienWEB": null, "image": ""}}, {"model": "core.editeur", "pk": 1, "fields": {"nom": "Panini France"}}, {"model": "core.editeur", "pk": 2, "fields": {"nom": "Milady"}}, {"model": "core.editeur", "pk": 3, "fields": {"nom": "\u00c9ditions du masque"}}, {"model": "core.editeur", "pk": 4, "fields": {"nom": "Folio"}}, {"model": "core.editeur", "pk": 5, "fields": {"nom": "Pocket"}}, {"model": "core.profil", "pk": 1, "fields": {"nom": "VIARD", "prenom": "K\u00e9vin"}}, {"model": "core.profil", "pk": 2, "fields": {"nom": "VIARD", "prenom": "Constance"}}, {"model": "core.profil", "pk": 3, "fields": {"nom": "EMERIAU", "prenom": "Vincent"}}, {"model": "core.profil", "pk": 4, "fields": {"nom": "EMERIAU", "prenom": "Isabelle"}}, {"model": "auth.permission", "pk": 1, "fields": {"name": "Can add log entry", "content_type": 1, "codename": "add_logentry"}}, {"model": "auth.permission", "pk": 2, "fields": {"name": "Can change log entry", "content_type": 1, "codename": "change_logentry"}}, {"model": "auth.permission", "pk": 3, "fields": {"name": "Can delete log entry", "content_type": 1, "codename": "delete_logentry"}}, {"model": "auth.permission", "pk": 4, "fields": {"name": "Can add group", "content_type": 2, "codename": "add_group"}}, {"model": "auth.permission", "pk": 5, "fields": {"name": "Can change group", "content_type": 2, "codename": "change_group"}}, {"model": "auth.permission", "pk": 6, "fields": {"name": "Can delete group", "content_type": 2, "codename": "delete_group"}}, {"model": "auth.permission", "pk": 7, "fields": {"name": "Can add permission", "content_type": 3, "codename": "add_permission"}}, {"model": "auth.permission", "pk": 8, "fields": {"name": "Can change permission", "content_type": 3, "codename": "change_permission"}}, {"model": "auth.permission", "pk": 9, "fields": {"name": "Can delete permission", "content_type": 3, "codename": "delete_permission"}}, {"model": "auth.permission", "pk": 10, "fields": {"name": "Can add user", "content_type": 4, "codename": "add_user"}}, {"model": "auth.permission", "pk": 11, "fields": {"name": "Can change user", "content_type": 4, "codename": "change_user"}}, {"model": "auth.permission", "pk": 12, "fields": {"name": "Can delete user", "content_type": 4, "codename": "delete_user"}}, {"model": "auth.permission", "pk": 13, "fields": {"name": "Can add content type", "content_type": 5, "codename": "add_contenttype"}}, {"model": "auth.permission", "pk": 14, "fields": {"name": "Can change content type", "content_type": 5, "codename": "change_contenttype"}}, {"model": "auth.permission", "pk": 15, "fields": {"name": "Can delete content type", "content_type": 5, "codename": "delete_contenttype"}}, {"model": "auth.permission", "pk": 16, "fields": {"name": "Can add session", "content_type": 6, "codename": "add_session"}}, {"model": "auth.permission", "pk": 17, "fields": {"name": "Can change session", "content_type": 6, "codename": "change_session"}}, {"model": "auth.permission", "pk": 18, "fields": {"name": "Can delete session", "content_type": 6, "codename": "delete_session"}}, {"model": "auth.permission", "pk": 19, "fields": {"name": "Can add auteur", "content_type": 7, "codename": "add_auteur"}}, {"model": "auth.permission", "pk": 20, "fields": {"name": "Can change auteur", "content_type": 7, "codename": "change_auteur"}}, {"model": "auth.permission", "pk": 21, "fields": {"name": "Can delete auteur", "content_type": 7, "codename": "delete_auteur"}}, {"model": "auth.permission", "pk": 22, "fields": {"name": "Can add editeur", "content_type": 8, "codename": "add_editeur"}}, {"model": "auth.permission", "pk": 23, "fields": {"name": "Can change editeur", "content_type": 8, "codename": "change_editeur"}}, {"model": "auth.permission", "pk": 24, "fields": {"name": "Can delete editeur", "content_type": 8, "codename": "delete_editeur"}}, {"model": "auth.permission", "pk": 25, "fields": {"name": "Can add profil", "content_type": 9, "codename": "add_profil"}}, {"model": "auth.permission", "pk": 26, "fields": {"name": "Can change profil", "content_type": 9, "codename": "change_profil"}}, {"model": "auth.permission", "pk": 27, "fields": {"name": "Can delete profil", "content_type": 9, "codename": "delete_profil"}}, {"model": "auth.permission", "pk": 28, "fields": {"name": "Can add livre", "content_type": 10, "codename": "add_livre"}}, {"model": "auth.permission", "pk": 29, "fields": {"name": "Can change livre", "content_type": 10, "codename": "change_livre"}}, {"model": "auth.permission", "pk": 30, "fields": {"name": "Can delete livre", "content_type": 10, "codename": "delete_livre"}}, {"model": "auth.permission", "pk": 31, "fields": {"name": "Peut voir les livres", "content_type": 10, "codename": "view_livre"}}, {"model": "auth.permission", "pk": 32, "fields": {"name": "Peut voir les auteurs", "content_type": 7, "codename": "view_auteur"}}, {"model": "auth.permission", "pk": 33, "fields": {"name": "Peut voir les metas", "content_type": 8, "codename": "view_meta"}}, {"model": "auth.permission", "pk": 34, "fields": {"name": "Peut voir les profils", "content_type": 9, "codename": "view_profil"}}, {"model": "auth.permission", "pk": 35, "fields": {"name": "Can add livre", "content_type": 11, "codename": "add_livre"}}, {"model": "auth.permission", "pk": 36, "fields": {"name": "Can change livre", "content_type": 11, "codename": "change_livre"}}, {"model": "auth.permission", "pk": 37, "fields": {"name": "Can delete livre", "content_type": 11, "codename": "delete_livre"}}, {"model": "auth.permission", "pk": 38, "fields": {"name": "Peut gerer les demandes d'ajout", "content_type": 11, "codename": "can_manage"}}, {"model": "auth.permission", "pk": 39, "fields": {"name": "Can add auteur", "content_type": 12, "codename": "add_auteur"}}, {"model": "auth.permission", "pk": 40, "fields": {"name": "Can change auteur", "content_type": 12, "codename": "change_auteur"}}, {"model": "auth.permission", "pk": 41, "fields": {"name": "Can delete auteur", "content_type": 12, "codename": "delete_auteur"}}, {"model": "auth.permission", "pk": 42, "fields": {"name": "Peut gerer les demandes d'ajout", "content_type": 12, "codename": "can_manage"}}, {"model": "auth.permission", "pk": 43, "fields": {"name": "Can add editeur", "content_type": 13, "codename": "add_editeur"}}, {"model": "auth.permission", "pk": 44, "fields": {"name": "Can change editeur", "content_type": 13, "codename": "change_editeur"}}, {"model": "auth.permission", "pk": 45, "fields": {"name": "Can delete editeur", "content_type": 13, "codename": "delete_editeur"}}, {"model": "auth.permission", "pk": 46, "fields": {"name": "Peut gerer les demandes d'ajout", "content_type": 13, "codename": "can_manage"}}, {"model": "auth.permission", "pk": 47, "fields": {"name": "Can add profil", "content_type": 14, "codename": "add_profil"}}, {"model": "auth.permission", "pk": 48, "fields": {"name": "Can change profil", "content_type": 14, "codename": "change_profil"}}, {"model": "auth.permission", "pk": 49, "fields": {"name": "Can delete profil", "content_type": 14, "codename": "delete_profil"}}, {"model": "auth.permission", "pk": 50, "fields": {"name": "Peut gerer les demandes d'ajout", "content_type": 14, "codename": "can_manage"}}, {"model": "auth.user", "pk": 1, "fields": {"password": "pbkdf2_sha256$36000$wZjk9yJ0SLOw$iDlfNXQki+iWwHBJ3OsBV/E2m3u9MMRgZVy/yh3oti8=", "last_login": "2017-05-27T09:43:10.899Z", "is_superuser": true, "username": "kviard", "first_name": "", "last_name": "", "email": "kviard@crans.org", "is_staff": true, "is_active": true, "date_joined": "2017-05-11T08:59:19.399Z", "groups": [], "user_permissions": []}}, {"model": "auth.user", "pk": 2, "fields": {"password": "pbkdf2_sha256$36000$VianCiVhFQ6Z$PkD9iZSMhElE0phngTWuOXTQz83Lygn3egDyzdYByRo=", "last_login": "2017-05-23T18:09:29.449Z", "is_superuser": true, "username": "cemeriau", "first_name": "Constance", "last_name": "Viard", "email": "cemeriau@gmail.com", "is_staff": true, "is_active": true, "date_joined": "2017-05-20T13:53:54Z", "groups": [], "user_permissions": []}}, {"model": "admin.logentry", "pk": 1, "fields": {"action_time": "2017-05-11T11:12:06.375Z", "user": 1, "content_type": 9, "object_id": "1", "object_repr": "Profil object", "action_flag": 1, "change_message": "[{\"added\": {}}]"}}, {"model": "admin.logentry", "pk": 2, "fields": {"action_time": "2017-05-11T11:17:10.460Z", "user": 1, "content_type": 9, "object_id": "1", "object_repr": "Profil : VIARD, K\u00e9vin", "action_flag": 2, "change_message": "[]"}}, {"model": "admin.logentry", "pk": 3, "fields": {"action_time": "2017-05-11T11:17:20.269Z", "user": 1, "content_type": 9, "object_id": "2", "object_repr": "Profil : VIARD, Constance", "action_flag": 1, "change_message": "[{\"added\": {}}]"}}, {"model": "admin.logentry", "pk": 4, "fields": {"action_time": "2017-05-11T11:18:02.609Z", "user": 1, "content_type": 8, "object_id": "1", "object_repr": "Editeur : Panini", "action_flag": 1, "change_message": "[{\"added\": {}}]"}}, {"model": "admin.logentry", "pk": 5, "fields": {"action_time": "2017-05-11T11:39:34.604Z", "user": 1, "content_type": 7, "object_id": "1", "object_repr": "Auteur : Knaak, Richard A.", "action_flag": 1, "change_message": "[{\"added\": {}}]"}}, {"model": "admin.logentry", "pk": 6, "fields": {"action_time": "2017-05-11T11:40:06.953Z", "user": 1, "content_type": 7, "object_id": "1", "object_repr": "Auteur : Knaak, Richard A.", "action_flag": 2, "change_message": "[{\"changed\": {\"fields\": [\"datenaissance\"]}}]"}}, {"model": "admin.logentry", "pk": 7, "fields": {"action_time": "2017-05-11T12:24:18.073Z", "user": 1, "content_type": 10, "object_id": "4", "object_repr": "Titre du livre : WORLD OF WARCRAFT : L'AUBE DES ASPECTS\nAuteur : Auteur : Knaak, Richard A.\nPropri\u00e9taire : Profil : VIARD, K\u00e9vin", "action_flag": 1, "change_message": "[{\"added\": {}}]"}}, {"model": "admin.logentry", "pk": 8, "fields": {"action_time": "2017-05-11T13:56:18.228Z", "user": 1, "content_type": 7, "object_id": "2", "object_repr": "Test, Testeur", "action_flag": 1, "change_message": "[{\"added\": {}}]"}}, {"model": "admin.logentry", "pk": 9, "fields": {"action_time": "2017-05-11T13:56:38.445Z", "user": 1, "content_type": 10, "object_id": "4", "object_repr": "Titre du livre : WORLD OF WARCRAFT : L'AUBE DES ASPECTS\nAuteur : Knaak, Richard A.\nPropri\u00e9taire : VIARD, K\u00e9vin", "action_flag": 2, "change_message": "[{\"changed\": {\"fields\": [\"auteur2\"]}}]"}}, {"model": "admin.logentry", "pk": 10, "fields": {"action_time": "2017-05-11T13:56:55.829Z", "user": 1, "content_type": 10, "object_id": "4", "object_repr": "Titre du livre : WORLD OF WARCRAFT : L'AUBE DES ASPECTS\nAuteur : Knaak, Richard A.\nPropri\u00e9taire : VIARD, K\u00e9vin", "action_flag": 2, "change_message": "[{\"changed\": {\"fields\": [\"auteur2\"]}}]"}}, {"model": "admin.logentry", "pk": 11, "fields": {"action_time": "2017-05-11T13:57:18.277Z", "user": 1, "content_type": 10, "object_id": "4", "object_repr": "Titre du livre : WORLD OF WARCRAFT : L'AUBE DES ASPECTS\nAuteur : Knaak, Richard A.\nPropri\u00e9taire : VIARD, K\u00e9vin", "action_flag": 2, "change_message": "[{\"changed\": {\"fields\": [\"auteur2\"]}}]"}}, {"model": "admin.logentry", "pk": 12, "fields": {"action_time": "2017-05-11T14:37:35.161Z", "user": 1, "content_type": 10, "object_id": "4", "object_repr": "Titre du livre : WORLD OF WARCRAFT : L'AUBE DES ASPECTS\nAuteur : Knaak, Richard A.\nPropri\u00e9taire : VIARD, K\u00e9vin", "action_flag": 2, "change_message": "[{\"changed\": {\"fields\": [\"auteur2\"]}}]"}}, {"model": "admin.logentry", "pk": 13, "fields": {"action_time": "2017-05-12T08:30:13.935Z", "user": 1, "content_type": 10, "object_id": "4", "object_repr": "Titre du livre : World of Warcraft : L'Aube des Aspects\nAuteur : Knaak, Richard A.\nPropri\u00e9taire : VIARD, K\u00e9vin", "action_flag": 2, "change_message": "[{\"changed\": {\"fields\": [\"titre\"]}}]"}}, {"model": "admin.logentry", "pk": 14, "fields": {"action_time": "2017-05-12T08:30:46.039Z", "user": 1, "content_type": 10, "object_id": "4", "object_repr": "Titre du livre : World of Warcraft : L'Aube des Aspects\nAuteur : Knaak, Richard A.\nPropri\u00e9taire : VIARD, K\u00e9vin", "action_flag": 2, "change_message": "[{\"changed\": {\"fields\": [\"date\"]}}]"}}, {"model": "admin.logentry", "pk": 15, "fields": {"action_time": "2017-05-12T08:33:10.768Z", "user": 1, "content_type": 7, "object_id": "3", "object_repr": "Golden, Christie", "action_flag": 1, "change_message": "[{\"added\": {}}]"}}, {"model": "admin.logentry", "pk": 16, "fields": {"action_time": "2017-05-12T08:35:36.975Z", "user": 1, "content_type": 10, "object_id": "5", "object_repr": "Titre du livre : World of Warcraft : L'Ascension de la horde\nAuteur : Golden, Christie\nPropri\u00e9taire : VIARD, K\u00e9vin", "action_flag": 1, "change_message": "[{\"added\": {}}]"}}, {"model": "admin.logentry", "pk": 17, "fields": {"action_time": "2017-05-12T08:39:25.269Z", "user": 1, "content_type": 7, "object_id": "4", "object_repr": "Rosenberg, Aaron", "action_flag": 1, "change_message": "[{\"added\": {}}]"}}, {"model": "admin.logentry", "pk": 18, "fields": {"action_time": "2017-05-12T08:42:24.682Z", "user": 1, "content_type": 10, "object_id": "6", "object_repr": "Titre du livre : World of Warcraft : L'Heure des t\u00e9n\u00e8bres\nAuteur : Rosenberg, Aaron\nPropri\u00e9taire : VIARD, K\u00e9vin", "action_flag": 1, "change_message": "[{\"added\": {}}]"}}, {"model": "admin.logentry", "pk": 19, "fields": {"action_time": "2017-05-12T08:44:42.588Z", "user": 1, "content_type": 10, "object_id": "7", "object_repr": "Titre du livre : World of Warcraft : Au del\u00e0 de la porte des t\u00e9n\u00e8bres\nAuteur : Rosenberg, Aaron\nPropri\u00e9taire : VIARD, K\u00e9vin", "action_flag": 1, "change_message": "[{\"added\": {}}]"}}, {"model": "admin.logentry", "pk": 20, "fields": {"action_time": "2017-05-12T08:46:29.338Z", "user": 1, "content_type": 10, "object_id": "8", "object_repr": "Titre du livre : World of Warcraft : Arthas - L'Ascension du roi-liche\nAuteur : Golden, Christie\nPropri\u00e9taire : VIARD, K\u00e9vin", "action_flag": 1, "change_message": "[{\"added\": {}}]"}}, {"model": "admin.logentry", "pk": 21, "fields": {"action_time": "2017-05-12T13:21:48.795Z", "user": 1, "content_type": 7, "object_id": "2", "object_repr": "Test, Testeur", "action_flag": 3, "change_message": ""}}, {"model": "admin.logentry", "pk": 22, "fields": {"action_time": "2017-05-12T13:31:14.324Z", "user": 1, "content_type": 7, "object_id": "5", "object_repr": "King, William", "action_flag": 1, "change_message": "[{\"added\": {}}]"}}, {"model": "admin.logentry", "pk": 23, "fields": {"action_time": "2017-05-12T13:34:13.906Z", "user": 1, "content_type": 7, "object_id": "5", "object_repr": "King, William", "action_flag": 2, "change_message": "[{\"changed\": {\"fields\": [\"histoire\", \"image\"]}}]"}}, {"model": "admin.logentry", "pk": 24, "fields": {"action_time": "2017-05-12T13:34:52.513Z", "user": 1, "content_type": 8, "object_id": "2", "object_repr": "Milady", "action_flag": 1, "change_message": "[{\"added\": {}}]"}}, {"model": "admin.logentry", "pk": 25, "fields": {"action_time": "2017-05-12T13:36:03.331Z", "user": 1, "content_type": 10, "object_id": "9", "object_repr": "Titre du livre : World of Warcraft : Illidan\nAuteur : King, William\nPropri\u00e9taire : VIARD, K\u00e9vin", "action_flag": 1, "change_message": "[{\"added\": {}}]"}}, {"model": "admin.logentry", "pk": 26, "fields": {"action_time": "2017-05-12T13:37:28.938Z", "user": 1, "content_type": 7, "object_id": "3", "object_repr": "Golden, Christie", "action_flag": 2, "change_message": "[{\"changed\": {\"fields\": [\"histoire\", \"image\"]}}]"}}, {"model": "admin.logentry", "pk": 27, "fields": {"action_time": "2017-05-12T13:38:35.985Z", "user": 1, "content_type": 7, "object_id": "4", "object_repr": "Rosenberg, Aaron", "action_flag": 2, "change_message": "[{\"changed\": {\"fields\": [\"histoire\", \"image\"]}}]"}}, {"model": "admin.logentry", "pk": 28, "fields": {"action_time": "2017-05-12T13:41:15.772Z", "user": 1, "content_type": 7, "object_id": "1", "object_repr": "Knaak, Richard A.", "action_flag": 2, "change_message": "[{\"changed\": {\"fields\": [\"datenaissance\", \"histoire\", \"image\"]}}]"}}, {"model": "admin.logentry", "pk": 29, "fields": {"action_time": "2017-05-12T13:43:06.977Z", "user": 1, "content_type": 10, "object_id": "10", "object_repr": "Titre du livre : World of warcraft : Hurlorage\nAuteur : Knaak, Richard A.\nPropri\u00e9taire : VIARD, K\u00e9vin", "action_flag": 1, "change_message": "[{\"added\": {}}]"}}, {"model": "admin.logentry", "pk": 30, "fields": {"action_time": "2017-05-12T13:43:25.434Z", "user": 1, "content_type": 10, "object_id": "10", "object_repr": "Titre du livre : World of Warcraft : Hurlorage\nAuteur : Knaak, Richard A.\nPropri\u00e9taire : VIARD, K\u00e9vin", "action_flag": 2, "change_message": "[{\"changed\": {\"fields\": [\"titre\"]}}]"}}, {"model": "admin.logentry", "pk": 31, "fields": {"action_time": "2017-05-12T13:45:16.923Z", "user": 1, "content_type": 10, "object_id": "11", "object_repr": "Titre du livre : World of Warcraft : L'Effondrement - Pr\u00e9lude au cataclysme\nAuteur : Golden, Christie\nPropri\u00e9taire : VIARD, K\u00e9vin", "action_flag": 1, "change_message": "[{\"added\": {}}]"}}, {"model": "admin.logentry", "pk": 32, "fields": {"action_time": "2017-05-12T13:45:39.409Z", "user": 1, "content_type": 8, "object_id": "1", "object_repr": "Panini France", "action_flag": 2, "change_message": "[{\"changed\": {\"fields\": [\"nom\"]}}]"}}, {"model": "admin.logentry", "pk": 33, "fields": {"action_time": "2017-05-12T13:47:54.961Z", "user": 1, "content_type": 10, "object_id": "12", "object_repr": "Titre du livre : World of Warcraft : Coeur de loup\nAuteur : Knaak, Richard A.\nPropri\u00e9taire : VIARD, K\u00e9vin", "action_flag": 1, "change_message": "[{\"added\": {}}]"}}, {"model": "admin.logentry", "pk": 34, "fields": {"action_time": "2017-05-12T14:14:49.310Z", "user": 1, "content_type": 10, "object_id": "13", "object_repr": "Titre du livre : World of Warcraft : Thrall - Le cr\u00e9puscule des aspects\nAuteur : Golden, Christie\nPropri\u00e9taire : VIARD, K\u00e9vin", "action_flag": 1, "change_message": "[{\"added\": {}}]"}}, {"model": "admin.logentry", "pk": 35, "fields": {"action_time": "2017-05-12T14:17:37.471Z", "user": 1, "content_type": 10, "object_id": "14", "object_repr": "Titre du livre : World of WarCraft : Jaina Portvaillant - Le d\u00e9ferlement\nAuteur : Golden, Christie\nPropri\u00e9taire : VIARD, K\u00e9vin", "action_flag": 1, "change_message": "[{\"added\": {}}]"}}, {"model": "admin.logentry", "pk": 36, "fields": {"action_time": "2017-05-12T14:21:37.776Z", "user": 1, "content_type": 7, "object_id": "6", "object_repr": "Stackpole, Micha\u00ebl A.", "action_flag": 1, "change_message": "[{\"added\": {}}]"}}, {"model": "admin.logentry", "pk": 37, "fields": {"action_time": "2017-05-12T14:22:41.494Z", "user": 1, "content_type": 10, "object_id": "15", "object_repr": "Titre du livre : World of Warcraft : Vol'jin - Les ombres de la Horde\nAuteur : Stackpole, Micha\u00ebl A.\nPropri\u00e9taire : VIARD, K\u00e9vin", "action_flag": 1, "change_message": "[{\"added\": {}}]"}}, {"model": "admin.logentry", "pk": 38, "fields": {"action_time": "2017-05-12T15:35:13.949Z", "user": 1, "content_type": 7, "object_id": "7", "object_repr": "Christie, Agatha", "action_flag": 1, "change_message": "[{\"added\": {}}]"}}, {"model": "admin.logentry", "pk": 39, "fields": {"action_time": "2017-05-12T15:37:19.312Z", "user": 1, "content_type": 10, "object_id": "16", "object_repr": "Titre du livre : Une m\u00e9moire d'\u00e9l\u00e9phant\nAuteur : Christie, Agatha\nPropri\u00e9taire : VIARD, Constance", "action_flag": 1, "change_message": "[{\"added\": {}}]"}}, {"model": "admin.logentry", "pk": 40, "fields": {"action_time": "2017-05-12T15:40:05.009Z", "user": 1, "content_type": 8, "object_id": "3", "object_repr": "\u00c9ditions du masque", "action_flag": 1, "change_message": "[{\"added\": {}}]"}}, {"model": "admin.logentry", "pk": 41, "fields": {"action_time": "2017-05-12T15:42:25.660Z", "user": 1, "content_type": 10, "object_id": "16", "object_repr": "Titre du livre : Une m\u00e9moire d'\u00e9l\u00e9phant\nAuteur : Christie, Agatha\nPropri\u00e9taire : VIARD, Constance", "action_flag": 2, "change_message": "[{\"changed\": {\"fields\": [\"editeur\"]}}]"}}, {"model": "admin.logentry", "pk": 42, "fields": {"action_time": "2017-05-12T16:04:14.875Z", "user": 1, "content_type": 7, "object_id": "7", "object_repr": "Christie, Agatha", "action_flag": 2, "change_message": "[{\"changed\": {\"fields\": [\"datenaissance\", \"datemort\", \"histoire\"]}}]"}}, {"model": "admin.logentry", "pk": 43, "fields": {"action_time": "2017-05-12T18:54:28.265Z", "user": 1, "content_type": 9, "object_id": "3", "object_repr": "Emeriau, Vincent", "action_flag": 1, "change_message": "[{\"added\": {}}]"}}, {"model": "admin.logentry", "pk": 44, "fields": {"action_time": "2017-05-12T18:54:42.271Z", "user": 1, "content_type": 9, "object_id": "4", "object_repr": "EMERIAU, Isabelle", "action_flag": 1, "change_message": "[{\"added\": {}}]"}}, {"model": "admin.logentry", "pk": 45, "fields": {"action_time": "2017-05-12T18:54:53.109Z", "user": 1, "content_type": 9, "object_id": "3", "object_repr": "EMERIAU, Vincent", "action_flag": 2, "change_message": "[{\"changed\": {\"fields\": [\"nom\"]}}]"}}, {"model": "admin.logentry", "pk": 46, "fields": {"action_time": "2017-05-19T17:27:20.824Z", "user": 1, "content_type": 7, "object_id": "8", "object_repr": "Pevel, Pierre", "action_flag": 1, "change_message": "[{\"added\": {}}]"}}, {"model": "admin.logentry", "pk": 47, "fields": {"action_time": "2017-05-19T17:27:44.269Z", "user": 1, "content_type": 8, "object_id": "4", "object_repr": "Folio", "action_flag": 1, "change_message": "[{\"added\": {}}]"}}, {"model": "admin.logentry", "pk": 48, "fields": {"action_time": "2017-05-19T17:30:45.759Z", "user": 1, "content_type": 10, "object_id": "17", "object_repr": "Titre du livre : Les enchantements d'ambremer\nAuteur : Pevel, Pierre\nPropri\u00e9taire : None", "action_flag": 1, "change_message": "[{\"added\": {}}]"}}, {"model": "admin.logentry", "pk": 49, "fields": {"action_time": "2017-05-19T17:31:21.529Z", "user": 1, "content_type": 10, "object_id": "17", "object_repr": "Titre du livre : Les enchantements d'ambremer\nAuteur : Pevel, Pierre\nPropri\u00e9taire : None", "action_flag": 2, "change_message": "[{\"changed\": {\"fields\": [\"editeur\", \"date\", \"numero\"]}}]"}}, {"model": "admin.logentry", "pk": 50, "fields": {"action_time": "2017-05-19T17:33:01.326Z", "user": 1, "content_type": 10, "object_id": "18", "object_repr": "Titre du livre : L'\u00e9lixir d'oubli\nAuteur : Pevel, Pierre\nPropri\u00e9taire : None", "action_flag": 1, "change_message": "[{\"added\": {}}]"}}, {"model": "admin.logentry", "pk": 51, "fields": {"action_time": "2017-05-19T17:33:23.284Z", "user": 1, "content_type": 10, "object_id": "19", "object_repr": "Titre du livre : Le royaume immobile\nAuteur : Pevel, Pierre\nPropri\u00e9taire : None", "action_flag": 1, "change_message": "[{\"added\": {}}]"}}, {"model": "admin.logentry", "pk": 52, "fields": {"action_time": "2017-05-19T17:36:25.162Z", "user": 1, "content_type": 10, "object_id": "17", "object_repr": "Titre du livre : Les enchantements d'Ambremer\nAuteur : Pevel, Pierre\nPropri\u00e9taire : None", "action_flag": 2, "change_message": "[{\"changed\": {\"fields\": [\"titre\", \"resume\"]}}]"}}, {"model": "admin.logentry", "pk": 53, "fields": {"action_time": "2017-05-20T13:53:54.225Z", "user": 1, "content_type": 4, "object_id": "2", "object_repr": "cemeriau", "action_flag": 1, "change_message": "[{\"added\": {}}]"}}, {"model": "admin.logentry", "pk": 54, "fields": {"action_time": "2017-05-20T13:54:40.400Z", "user": 1, "content_type": 4, "object_id": "2", "object_repr": "cemeriau", "action_flag": 2, "change_message": "[{\"changed\": {\"fields\": [\"first_name\", \"last_name\", \"email\", \"is_staff\", \"is_superuser\"]}}]"}}, {"model": "admin.logentry", "pk": 55, "fields": {"action_time": "2017-05-20T14:25:29.244Z", "user": 2, "content_type": 7, "object_id": "9", "object_repr": "Exbrayat, None", "action_flag": 1, "change_message": "[{\"added\": {}}]"}}, {"model": "admin.logentry", "pk": 56, "fields": {"action_time": "2017-05-20T14:30:22.712Z", "user": 2, "content_type": 10, "object_id": "20", "object_repr": "Titre du livre : Mandolines et barbouzes\nAuteur : Exbrayat\nPropri\u00e9taire : None", "action_flag": 1, "change_message": "[{\"added\": {}}]"}}, {"model": "admin.logentry", "pk": 57, "fields": {"action_time": "2017-05-20T14:33:50.335Z", "user": 2, "content_type": 10, "object_id": "21", "object_repr": "Titre du livre : Le plus beau des bersagliers\nAuteur : Exbrayat\nPropri\u00e9taire : None", "action_flag": 1, "change_message": "[{\"added\": {}}]"}}, {"model": "admin.logentry", "pk": 58, "fields": {"action_time": "2017-05-20T14:58:36.937Z", "user": 2, "content_type": 10, "object_id": "22", "object_repr": "Titre du livre : Au \"Trois cassoulets\"\nAuteur : Exbrayat\nPropri\u00e9taire : None", "action_flag": 1, "change_message": "[{\"added\": {}}]"}}, {"model": "admin.logentry", "pk": 59, "fields": {"action_time": "2017-05-20T15:02:16.470Z", "user": 2, "content_type": 10, "object_id": "23", "object_repr": "Titre du livre : Le quintette de Bergame\nAuteur : Exbrayat\nPropri\u00e9taire : None", "action_flag": 1, "change_message": "[{\"added\": {}}]"}}, {"model": "admin.logentry", "pk": 60, "fields": {"action_time": "2017-05-20T15:05:38.556Z", "user": 2, "content_type": 10, "object_id": "24", "object_repr": "Titre du livre : Avanti la musica\nAuteur : Exbrayat\nPropri\u00e9taire : None", "action_flag": 1, "change_message": "[{\"added\": {}}]"}}, {"model": "admin.logentry", "pk": 61, "fields": {"action_time": "2017-05-21T10:38:11.046Z", "user": 2, "content_type": 10, "object_id": "25", "object_repr": "Titre du livre : Chianti et coca-cola\nAuteur : Exbrayat\nPropri\u00e9taire : None", "action_flag": 1, "change_message": "[{\"added\": {}}]"}}, {"model": "admin.logentry", "pk": 62, "fields": {"action_time": "2017-05-21T10:41:43.819Z", "user": 2, "content_type": 10, "object_id": "26", "object_repr": "Titre du livre : Les fian\u00e7ailles d'Imog\u00e8ne\nAuteur : Exbrayat\nPropri\u00e9taire : None", "action_flag": 1, "change_message": "[{\"added\": {}}]"}}, {"model": "admin.logentry", "pk": 63, "fields": {"action_time": "2017-05-21T10:46:34.596Z", "user": 2, "content_type": 10, "object_id": "27", "object_repr": "Titre du livre : Ces sacr\u00e9es florentines\nAuteur : Exbrayat\nPropri\u00e9taire : None", "action_flag": 1, "change_message": "[{\"added\": {}}]"}}, {"model": "admin.logentry", "pk": 64, "fields": {"action_time": "2017-05-21T10:49:10.670Z", "user": 2, "content_type": 10, "object_id": "28", "object_repr": "Titre du livre : Amour et sparadrap\nAuteur : Exbrayat\nPropri\u00e9taire : None", "action_flag": 1, "change_message": "[{\"added\": {}}]"}}, {"model": "admin.logentry", "pk": 65, "fields": {"action_time": "2017-05-21T10:57:24.584Z", "user": 2, "content_type": 10, "object_id": "29", "object_repr": "Titre du livre : Un bien bel homme\nAuteur : Exbrayat\nPropri\u00e9taire : None", "action_flag": 1, "change_message": "[{\"added\": {}}]"}}, {"model": "admin.logentry", "pk": 66, "fields": {"action_time": "2017-05-21T11:37:51.001Z", "user": 2, "content_type": 10, "object_id": "30", "object_repr": "Titre du livre : Le Paris des merveilles - L'\u00e9lixir d'oubli\nAuteur : Pevel, Pierre\nPropri\u00e9taire : None", "action_flag": 1, "change_message": "[{\"added\": {}}]"}}, {"model": "admin.logentry", "pk": 67, "fields": {"action_time": "2017-05-23T18:11:52.102Z", "user": 2, "content_type": 7, "object_id": "10", "object_repr": "Jacq, Christian", "action_flag": 1, "change_message": "[{\"added\": {}}]"}}, {"model": "admin.logentry", "pk": 68, "fields": {"action_time": "2017-05-23T18:12:06.618Z", "user": 2, "content_type": 8, "object_id": "5", "object_repr": "Pocket", "action_flag": 1, "change_message": "[{\"added\": {}}]"}}, {"model": "admin.logentry", "pk": 69, "fields": {"action_time": "2017-05-23T18:15:23.792Z", "user": 2, "content_type": 10, "object_id": "31", "object_repr": "Titre du livre : Rams\u00e8s - La bataille de Kadesh\nAuteur : Jacq, Christian\nPropri\u00e9taire : None", "action_flag": 1, "change_message": "[{\"added\": {}}]"}}]